URL,Course,Degree,University,Tuition Fee,City,Country,Duration
https://www.bachelorsportal.com/studies/450718/physiotherapy-undergraduate-foundation-programme.html?ref=search_card,Physiotherapy - Undergraduate Foundation Programme,Bachelor,"City St George's, University of London","4,533,016 NPR / full",London,United Kingdom,9 months
https://www.bachelorsportal.com/studies/421399/education-and-psychology-undergraduate-foundation-programme.html?ref=search_card,Education and Psychology - Undergraduate Foundation Programme,Bachelor,The University of Lancashire,"3,450,063 NPR / full",Preston,United Kingdom,9 months
https://www.bachelorsportal.com/studies/103305/media-and-communication.html?ref=search_card,Media and Communication,Bachelor,University of Canterbury,"2,973,024 NPR / year",Christchurch,New Zealand,3 years
https://www.bachelorsportal.com/studies/96901/electrical-engineering.html?ref=search_card,Electrical Engineering,Bachelor,Toronto Metropolitan University,"4,521,494 NPR / year",Toronto,Canada,4 years
https://www.bachelorsportal.com/studies/103485/information-systems.html?ref=search_card,Information Systems,Bachelor,University of Canterbury,"3,232,140 NPR / year",Christchurch,New Zealand,3 years
https://www.bachelorsportal.com/studies/452731/law-with-business-university-of-london-international-foundation-programme.html?ref=search_card,Law with Business - University of London International Foundation Programme,Bachelor,"City St George's, University of London","4,669,125 NPR / full",London,United Kingdom,9 months
https://www.bachelorsportal.com/studies/320007/data-science.html?ref=search_card,Data Science,Bachelor,University of Canterbury,"3,586,721 NPR / year",Christchurch,New Zealand,3 years
https://www.bachelorsportal.com/studies/356565/electronic-engineering.html?ref=search_card,Electronic Engineering (Hons),Bachelor,Bangor University,"4,142,443 NPR / year",Bangor,United Kingdom,3 years
https://www.bachelorsportal.com/studies/491738/pharmacology-undergraduate-foundation-programme.html?ref=search_card,Pharmacology - Undergraduate Foundation Programme,Bachelor,The University of Lancashire,"3,858,390 NPR / full",Preston,United Kingdom,9 months
https://www.bachelorsportal.com/studies/98135/mechanical-engineering.html?ref=search_card,Mechanical Engineering,Bachelor,The University of Maine,"1,229 USD/credit Based on the original amount of",Orono,United States,4 years
https://www.bachelorsportal.com/studies/483919/bachelor-of-business.html?ref=search_card,Bachelor of Business (Event Management Major),Bachelor,Victoria University,"3,792,569 NPR / year",Melbourne,Australia,3 years
https://www.bachelorsportal.com/studies/369305/culinary-science.html?ref=search_card,Culinary Science,Bachelor,Manipal Academy of Higher Education,"1,127,694 NPR / year",Manipal,India,3 years
https://www.bachelorsportal.com/studies/425874/law-undergraduate-foundation-programme.html?ref=search_card,Law - Undergraduate Foundation Programme,Bachelor,"Goldsmiths, University of London","4,426,496 NPR / full",London,United Kingdom,9 months
https://www.bachelorsportal.com/studies/452468/economics-finance-and-management-undergraduate-foundation-programme.html?ref=search_card,"Economics, Finance and Management - Undergraduate Foundation Programme",Bachelor,Queen Mary University of London,"4,426,496 NPR / full",London,United Kingdom,9 months
https://www.bachelorsportal.com/studies/452586/computer-science-and-artificial-intelligence-undergraduate-foundation-programme.html?ref=search_card,Computer Science and Artificial Intelligence - Undergraduate Foundation Programme,Bachelor,Queen Mary University of London,"4,533,016 NPR / full",London,United Kingdom,9 months
https://www.bachelorsportal.com/studies/96814/biology.html?ref=search_card,Biology (Hons),Bachelor,Toronto Metropolitan University,"3,942,933 NPR / year",Toronto,Canada,4 years
https://www.bachelorsportal.com/studies/303384/history-undergraduate-foundation-programme.html?ref=search_card,History - Undergraduate Foundation Programme,Bachelor,The University of Lancashire,"3,450,063 NPR / full",Preston,United Kingdom,9 months
https://www.bachelorsportal.com/studies/425340/sociology-and-chinese-undergraduate-foundation-programme.html?ref=search_card,Sociology and Chinese - Undergraduate Foundation Programme,Bachelor,"Goldsmiths, University of London","4,426,496 NPR / full",London,United Kingdom,9 months
https://www.bachelorsportal.com/studies/425304/anthropology-and-visual-practice-undergraduate-foundation-programme.html?ref=search_card,Anthropology and Visual Practice - Undergraduate Foundation Programme,Bachelor,"Goldsmiths, University of London","4,426,496 NPR / full",London,United Kingdom,9 months
https://www.bachelorsportal.com/studies/452679/global-law-university-of-london-international-foundation-programme.html?ref=search_card,Global Law - University of London International Foundation Programme,Bachelor,"Birkbeck, University of London","4,669,125 NPR / full",London,United Kingdom,9 months
https://www.bachelorsportal.com/studies/137776/business.html?ref=search_card,Business,Bachelor,Trent University,"3,533,592 NPR / year",Peterborough,Canada,4 years
https://www.bachelorsportal.com/studies/482338/smart-cities-and-real-estate.html?ref=search_card,Smart Cities and Real Estate (Online),Bachelor,GBSB Global Business School,"1,531,304 NPR / year",Barcelona,Spain,3 years
https://www.bachelorsportal.com/studies/452661/international-relations-undergraduate-foundation-programme.html?ref=search_card,International Relations - Undergraduate Foundation Programme,Bachelor,Queen Mary University of London,"4,426,496 NPR / full",London,United Kingdom,9 months
https://www.bachelorsportal.com/studies/427543/international-relations-undergraduate-foundation-programme.html?ref=search_card,International Relations - Undergraduate Foundation Programme,Bachelor,Royal Holloway University of London,"4,426,496 NPR / full",London,United Kingdom,9 months
https://www.bachelorsportal.com/studies/455158/anthropology.html?ref=search_card,Anthropology,Bachelor,University of Canterbury,"2,973,024 NPR / year",Christchurch,New Zealand,3 years
https://www.bachelorsportal.com/studies/495011/higher-national-diploma.html?ref=search_card,Higher National Diploma,Bachelor,Asian Institute of Hospitality and Management (AIHM),"1,325,490 NPR / year",Bangkok,Thailand,2 years
https://www.bachelorsportal.com/studies/59005/undergraduate-foundation-programme-life-sciences.html?ref=search_card,Undergraduate Foundation Programme – Life Sciences,Bachelor,The University of Lancashire,"3,858,390 NPR / full",Preston,United Kingdom,9 months
https://www.bachelorsportal.com/studies/491756/advanced-therapeutic-technologies-undergraduate-foundation-programme.html?ref=search_card,Advanced Therapeutic Technologies - Undergraduate Foundation Programme,Bachelor,Royal College of Surgeons in Ireland,"3,858,390 NPR / full",Dublin,Ireland,9 months
https://www.bachelorsportal.com/studies/425306/criminology-undergraduate-foundation-programme.html?ref=search_card,Criminology - Undergraduate Foundation Programme,Bachelor,"Goldsmiths, University of London","4,426,496 NPR / full",London,United Kingdom,9 months
https://www.bachelorsportal.com/studies/453802/business-administration-in-global-hospitality-management.html?ref=search_card,Business Administration in Global Hospitality Management,Bachelor,Asian Institute of Hospitality and Management (AIHM),"1,881,129 NPR / year",Bangkok,Thailand,3½ years
https://www.bachelorsportal.com/studies/303272/global-politics-and-international-relations-undergraduate-foundation-programme.html?ref=search_card,Global Politics and International Relations - Undergraduate Foundation Programme,Bachelor,"Birkbeck, University of London","4,562,605 NPR / full",London,United Kingdom,9 months
https://www.bachelorsportal.com/studies/97153/hospitality-and-tourism-management.html?ref=search_card,Hospitality and Tourism Management (Hons),Bachelor,Toronto Metropolitan University,"4,532,097 NPR / year",Toronto,Canada,4 years
https://www.bachelorsportal.com/studies/455162/business-analytics.html?ref=search_card,Business Analytics,Bachelor,University of Canterbury,"3,586,721 NPR / year",Christchurch,New Zealand,3 years
https://www.bachelorsportal.com/studies/452609/pharmaceutical-chemistry-undergraduate-foundation-programme.html?ref=search_card,Pharmaceutical Chemistry - Undergraduate Foundation Programme,Bachelor,Queen Mary University of London,"4,533,016 NPR / full",London,United Kingdom,9 months
https://www.bachelorsportal.com/studies/425341/sociology-and-politics-undergraduate-foundation-programme.html?ref=search_card,Sociology and Politics - Undergraduate Foundation Programme,Bachelor,"Goldsmiths, University of London","4,426,496 NPR / full",London,United Kingdom,9 months
https://www.bachelorsportal.com/studies/492267/business-management-undergraduate-foundation-programme.html?ref=search_card,Business Management - Undergraduate Foundation Programme,Bachelor,"Birkbeck, University of London","4,562,605 NPR / full",London,United Kingdom,9 months
https://www.bachelorsportal.com/studies/483082/arts-econometrics.html?ref=search_card,Arts - Econometrics,Bachelor,The University of Sydney,"5,410,594 NPR / year",Sydney,Australia,3 years
https://www.bachelorsportal.com/studies/429020/business-and-management-international-year-one.html?ref=search_card,Business and Management - International Year One,Bachelor,Royal Holloway University of London,"4,426,496 NPR / full",London,United Kingdom,9 months
https://www.bachelorsportal.com/studies/97262/medical-physics.html?ref=search_card,Medical Physics (Hons),Bachelor,Toronto Metropolitan University,"3,942,933 NPR / year",Toronto,Canada,4 years
https://www.bachelorsportal.com/studies/303406/law-undergraduate-foundation-programme.html?ref=search_card,Law - Undergraduate Foundation Programme,Bachelor,The University of Lancashire,"3,450,063 NPR / full",Preston,United Kingdom,9 months
https://www.bachelorsportal.com/studies/427074/mathematics-with-italian-undergraduate-foundation-programme.html?ref=search_card,Mathematics with Italian - Undergraduate Foundation Programme,Bachelor,Royal Holloway University of London,"4,533,016 NPR / full",London,United Kingdom,9 months
https://www.bachelorsportal.com/studies/455189/mathematical-sciences-education.html?ref=search_card,Mathematical Sciences Education,Bachelor,University of Canterbury,"3,671,957 NPR / year",Christchurch,New Zealand,3 years
https://www.bachelorsportal.com/studies/452573/law-university-of-london-international-foundation-programme.html?ref=search_card,Law - University of London International Foundation Programme,Bachelor,Queen Mary University of London,"4,669,125 NPR / full",London,United Kingdom,9 months
https://www.bachelorsportal.com/studies/452479/english-and-european-law-undergraduate-foundation-programme.html?ref=search_card,English and European Law - Undergraduate Foundation Programme,Bachelor,Queen Mary University of London,"4,426,496 NPR / full",London,United Kingdom,9 months
https://www.bachelorsportal.com/studies/490079/business-computing-undergraduate-foundation-programme.html?ref=search_card,Business Computing - Undergraduate Foundation Programme,Bachelor,"Birkbeck, University of London","4,562,605 NPR / full",London,United Kingdom,9 months
https://www.bachelorsportal.com/studies/303410/archaeology-undergraduate-foundation-programme.html?ref=search_card,Archaeology - Undergraduate Foundation Programme,Bachelor,The University of Lancashire,"3,858,390 NPR / full",Preston,United Kingdom,9 months
https://www.bachelorsportal.com/studies/426710/economics-undergraduate-foundation-programme.html?ref=search_card,Economics - Undergraduate Foundation Programme,Bachelor,Royal Holloway University of London,"4,426,496 NPR / full",London,United Kingdom,9 months
https://www.bachelorsportal.com/studies/452705/law-university-of-london-international-foundation-programme.html?ref=search_card,Law - University of London International Foundation Programme,Bachelor,Royal Holloway University of London,"4,669,125 NPR / full",London,United Kingdom,9 months
https://www.bachelorsportal.com/studies/284826/accounting-and-financial-studies-undergraduate-foundation-programme.html?ref=search_card,Accounting and Financial Studies - Undergraduate Foundation Programme,Bachelor,The University of Lancashire,"3,450,063 NPR / full",Preston,United Kingdom,9 months
https://www.bachelorsportal.com/studies/390755/hnd-international-level-3-extended-diploma-in-information-technology.html?ref=search_card,HND International Level 3 Extended Diploma in Information Technology,Master,Global Business Studies Dubai,"1,623,103 NPR / year",Dubai,United Arab Emirates,1 year
https://www.bachelorsportal.com/studies/320106/spatial-data-science.html?ref=search_card,Spatial Data Science,Bachelor,University of Canterbury,"3,586,721 NPR / year",Christchurch,New Zealand,3 years
https://www.bachelorsportal.com/studies/429032/management-with-entrepreneurship-international-year-one.html?ref=search_card,Management with Entrepreneurship (Year in Business) - International Year One,Bachelor,Royal Holloway University of London,"4,426,496 NPR / full",London,United Kingdom,9 months
https://www.bachelorsportal.com/studies/452562/computer-science-with-management-undergraduate-foundation-programme.html?ref=search_card,Computer Science with Management (ITMB) - Undergraduate Foundation Programme,Bachelor,Queen Mary University of London,"4,533,016 NPR / full",London,United Kingdom,9 months
https://www.bachelorsportal.com/studies/328997/international-relations-major.html?ref=search_card,International Relations Major (BA),Bachelor,Curtin University,"3,856,259 NPR / year",Perth,Australia,3 years
https://www.bachelorsportal.com/studies/490660/international-year-one-business-economics-finance-and-management.html?ref=search_card,"International Year One - Business, Economics, Finance and Management",Bachelor,"Birkbeck, University of London","4,562,605 NPR / full",London,United Kingdom,9 months
https://www.bachelorsportal.com/studies/422234/physiology-and-pharmacology-undergraduate-foundation-programme.html?ref=search_card,Physiology and Pharmacology - Undergraduate Foundation Programme,Bachelor,The University of Lancashire,"3,858,390 NPR / full",Preston,United Kingdom,9 months
https://www.bachelorsportal.com/studies/483936/bachelor-of-business.html?ref=search_card,Bachelor of Business (Supply Chain and Logistics Management Major),Bachelor,Victoria University,"3,792,569 NPR / year",Melbourne,Australia,3 years
https://www.bachelorsportal.com/studies/422230/occupational-therapy-undergraduate-foundation-programme.html?ref=search_card,Occupational Therapy - Undergraduate Foundation Programme,Bachelor,The University of Lancashire,"3,858,390 NPR / full",Preston,United Kingdom,9 months
https://www.bachelorsportal.com/studies/284917/mechanical-engineering-undergraduate-foundation-programme.html?ref=search_card,Mechanical Engineering - Undergraduate Foundation Programme,Bachelor,The University of Lancashire,"3,858,390 NPR / full",Preston,United Kingdom,9 months
https://www.bachelorsportal.com/studies/390750/hnd-in-digital-technologies.html?ref=search_card,HND in Digital Technologies (Cyber Security),Bachelor,Global Business Studies Dubai,"1,623,103 NPR / year",Dubai,United Arab Emirates,2 years
https://www.bachelorsportal.com/studies/452727/global-law-university-of-london-international-foundation-programme.html?ref=search_card,Global Law - University of London International Foundation Programme,Bachelor,"City St George's, University of London","4,669,125 NPR / full",London,United Kingdom,9 months
https://www.bachelorsportal.com/studies/284971/dental-therapy-undergraduate-foundation-programme.html?ref=search_card,Dental Therapy - Undergraduate Foundation Programme,Bachelor,The University of Lancashire,"3,858,390 NPR / full",Preston,United Kingdom,9 months
https://www.bachelorsportal.com/studies/430152/undergraduate-foundation-programme-life-sciences.html?ref=search_card,Undergraduate Foundation Programme - Life Sciences,Bachelor,"City St George's, University of London","4,533,016 NPR / full",London,United Kingdom,9 months
https://www.bachelorsportal.com/studies/299869/film-and-video.html?ref=search_card,Film and Video,Bachelor,Full Sail University,"1,564,999 NPR / full",Winter Park,United States,7 months
https://www.bachelorsportal.com/studies/421366/physics-with-astrophysics-undergraduate-foundation-programme.html?ref=search_card,Physics with Astrophysics - Undergraduate Foundation Programme,Bachelor,The University of Lancashire,"3,858,390 NPR / full",Preston,United Kingdom,9 months
https://www.bachelorsportal.com/studies/304931/digital-finance-and-fintech.html?ref=search_card,Digital Finance and FinTech,Bachelor,GBSB Global Business School,"989,325 NPR / year",Birkirkara,Malta,3 years
https://www.bachelorsportal.com/studies/285012/medicine-and-surgery-undergraduate-foundation-programme.html?ref=search_card,Medicine and Surgery - Undergraduate Foundation Programme,Bachelor,The University of Lancashire,"3,858,390 NPR / full",Preston,United Kingdom,9 months
https://www.bachelorsportal.com/studies/490101/mathematics-with-economics-undergraduate-foundation-programme.html?ref=search_card,Mathematics with Economics - Undergraduate Foundation Programme,Bachelor,"Birkbeck, University of London","4,562,605 NPR / full",London,United Kingdom,9 months
https://www.bachelorsportal.com/studies/103293/mathematics.html?ref=search_card,Mathematics,Bachelor,University of Canterbury,"2,973,024 NPR / year",Christchurch,New Zealand,3 years
https://www.bachelorsportal.com/studies/455311/teacher-education.html?ref=search_card,Teacher Education,Bachelor,University of Canterbury,"2,907,392 NPR / year",Christchurch,New Zealand,3 years
https://www.bachelorsportal.com/studies/462860/bachelor-of-commerce.html?ref=search_card,Bachelor of Commerce (Professional),Bachelor,Manipal Academy of Higher Education,"784,884 NPR / year",Dubai,United Arab Emirates,3 years
https://www.bachelorsportal.com/studies/426973/management-with-international-business-undergraduate-foundation-programme.html?ref=search_card,Management with International Business (Year in Business) - Undergraduate Foundation Programme,Bachelor,Royal Holloway University of London,"4,426,496 NPR / full",London,United Kingdom,9 months
https://www.bachelorsportal.com/studies/425316/history-and-journalism-undergraduate-foundation-programme.html?ref=search_card,History and Journalism - Undergraduate Foundation Programme,Bachelor,"Goldsmiths, University of London","4,426,496 NPR / full",London,United Kingdom,9 months
https://www.bachelorsportal.com/studies/422322/veterinary-medicine-undergraduate-foundation-programme.html?ref=search_card,Veterinary Medicine - Undergraduate Foundation Programme,Bachelor,The University of Lancashire,"3,858,390 NPR / full",Preston,United Kingdom,9 months
https://www.bachelorsportal.com/studies/426980/computer-science-undergraduate-foundation-programme.html?ref=search_card,Computer Science - Undergraduate Foundation Programme,Bachelor,Royal Holloway University of London,"4,533,016 NPR / full",London,United Kingdom,9 months
https://www.bachelorsportal.com/studies/428483/biomedical-sciences-undergraduate-foundation-programme.html?ref=search_card,Biomedical Sciences - Undergraduate Foundation Programme,Bachelor,Royal Holloway University of London,"4,533,016 NPR / full",London,United Kingdom,9 months
https://www.bachelorsportal.com/studies/455289/philosophy-politics-and-economics.html?ref=search_card,"Philosophy, Politics and Economics",Bachelor,University of Canterbury,"2,973,024 NPR / year",Christchurch,New Zealand,3 years
https://www.bachelorsportal.com/studies/103373/sociology.html?ref=search_card,Sociology,Bachelor,University of Canterbury,"2,973,024 NPR / year",Christchurch,New Zealand,3 years
https://www.bachelorsportal.com/studies/429025/management-with-accounting-international-year-one.html?ref=search_card,Management with Accounting - International Year One,Bachelor,Royal Holloway University of London,"4,426,496 NPR / full",London,United Kingdom,9 months
https://www.bachelorsportal.com/studies/452605/environmental-science-undergraduate-foundation-programme.html?ref=search_card,Environmental Science - Undergraduate Foundation Programme,Bachelor,Queen Mary University of London,"4,533,016 NPR / full",London,United Kingdom,9 months
https://www.bachelorsportal.com/studies/299847/computer-science.html?ref=search_card,Computer Science,Bachelor,Full Sail University,"7,154,281 NPR / year",Winter Park,United States,"1 year, 10 months"
https://www.bachelorsportal.com/studies/455185/international-affairs.html?ref=search_card,International Affairs,Bachelor,University of Canterbury,"2,973,024 NPR / year",Christchurch,New Zealand,3 years
https://www.bachelorsportal.com/studies/303339/aerospace-engineering-with-pilot-studies-undergraduate-foundation-programme.html?ref=search_card,Aerospace Engineering with Pilot Studies - Undergraduate Foundation Programme,Bachelor,The University of Lancashire,"3,858,390 NPR / full",Preston,United Kingdom,9 months
https://www.bachelorsportal.com/studies/103830/bachelor-of-applied-science.html?ref=search_card,Bachelor of Applied Science (Architectural Science),Bachelor,Curtin University,"3,997,244 NPR / year",Perth,Australia,3 years
https://www.bachelorsportal.com/studies/473356/visual-communication-and-strategic-branding.html?ref=search_card,Visual Communication And Strategic Branding,Bachelor,Manipal Academy of Higher Education,"1,829,558 NPR / year",Manipal,India,4 years
https://www.bachelorsportal.com/studies/474547/respiratory-therapy.html?ref=search_card,Respiratory Therapy,Bachelor,Manipal Academy of Higher Education,"734,059 NPR / year",Manipal,India,4 years
https://www.bachelorsportal.com/studies/421886/sports-coaching-and-development-undergraduate-foundation-programme.html?ref=search_card,Sports Coaching and Development - Undergraduate Foundation Programme,Bachelor,The University of Lancashire,"3,858,390 NPR / full",Preston,United Kingdom,9 months
https://www.bachelorsportal.com/studies/489776/undergraduate-foundation-programme-life-sciences.html?ref=search_card,Undergraduate Foundation Programme - Life Sciences,Bachelor,"Goldsmiths, University of London","4,533,016 NPR / full",London,United Kingdom,9 months
https://www.bachelorsportal.com/studies/426969/management-with-international-business-undergraduate-foundation-programme.html?ref=search_card,Management with International Business - Undergraduate Foundation Programme,Bachelor,Royal Holloway University of London,"4,426,496 NPR / full",London,United Kingdom,9 months
https://www.bachelorsportal.com/studies/103134/geography.html?ref=search_card,Geography,Bachelor,University of Canterbury,"2,973,024 NPR / year",Christchurch,New Zealand,3 years
https://www.bachelorsportal.com/studies/491746/medicine-and-surgery-medicine-undergraduate-foundation-programme.html?ref=search_card,Medicine and Surgery - Medicine Undergraduate Foundation Programme,Bachelor,The University of Lancashire,"5,710,654 NPR / full",Preston,United Kingdom,9 months
https://www.bachelorsportal.com/studies/421908/football-studies-undergraduate-foundation-programme.html?ref=search_card,Football Studies - Undergraduate Foundation Programme,Bachelor,The University of Lancashire,"3,858,390 NPR / full",Preston,United Kingdom,9 months
https://www.bachelorsportal.com/studies/303257/planetary-science-with-astronomy-undergraduate-foundation-programme.html?ref=search_card,Planetary Science with Astronomy - Undergraduate Foundation Programme,Bachelor,"Birkbeck, University of London","4,669,125 NPR / full",London,United Kingdom,9 months
https://www.bachelorsportal.com/studies/452482/law-with-business-undergraduate-foundation-programme.html?ref=search_card,Law with Business - Undergraduate Foundation Programme,Bachelor,Queen Mary University of London,"4,426,496 NPR / full",London,United Kingdom,9 months
https://www.bachelorsportal.com/studies/483130/international-studies.html?ref=search_card,International Studies,Bachelor,The University of Sydney,"5,410,594 NPR / year",Sydney,Australia,3 years
https://www.bachelorsportal.com/studies/425119/management-with-entrepreneurship-undergraduate-foundation-programme.html?ref=search_card,Management with Entrepreneurship - Undergraduate Foundation Programme,Bachelor,"Goldsmiths, University of London","4,426,496 NPR / full",London,United Kingdom,9 months
https://www.bachelorsportal.com/studies/96856/chemical-engineering.html?ref=search_card,Chemical Engineering,Bachelor,Toronto Metropolitan University,"4,521,494 NPR / year",Toronto,Canada,5 years
https://www.bachelorsportal.com/studies/425323/media-and-communications-undergraduate-foundation-programme.html?ref=search_card,Media and Communications - Undergraduate Foundation Programme,Bachelor,"Goldsmiths, University of London","4,426,496 NPR / full",London,United Kingdom,9 months
https://www.bachelorsportal.com/studies/421895/clinical-dental-technology-undergraduate-foundation-programme.html?ref=search_card,Clinical Dental Technology - Undergraduate Foundation Programme,Bachelor,The University of Lancashire,"3,858,390 NPR / full",Preston,United Kingdom,9 months
https://www.bachelorsportal.com/studies/450983/university-of-london-international-foundation-programme.html?ref=search_card,University of London International Foundation Programme,Bachelor,"Goldsmiths, University of London","4,669,125 NPR / full",London,United Kingdom,9 months
https://www.bachelorsportal.com/studies/427534/european-and-international-studies-undergraduate-foundation-programme.html?ref=search_card,European and International Studies (Italian) - Undergraduate Foundation Programme,Bachelor,Royal Holloway University of London,"4,426,496 NPR / full",London,United Kingdom,9 months
https://www.bachelorsportal.com/studies/293712/psychology.html?ref=search_card,Psychology,Bachelor,University of London,"741,695 NPR / year",London,United Kingdom,3 years
https://www.bachelorsportal.com/studies/320075/philosophy.html?ref=search_card,Philosophy,Bachelor,University of Canterbury,"3,671,957 NPR / year",Christchurch,New Zealand,3 years
https://www.bachelorsportal.com/studies/455291/physical-activity.html?ref=search_card,Physical Activity,Bachelor,University of Canterbury,"3,577,771 NPR / year",Christchurch,New Zealand,3 years
https://www.bachelorsportal.com/studies/92558/liberal-arts-and-science.html?ref=search_card,Liberal Arts and Science,Bachelor,The University of Sydney,"5,802,218 NPR / year",Sydney,Australia,3 years
https://www.bachelorsportal.com/studies/319966/communication.html?ref=search_card,Communication,Bachelor,University of Canterbury,"3,081,273 NPR / year",Christchurch,New Zealand,3 years
https://www.bachelorsportal.com/studies/490095/health-and-social-care-and-management-undergraduate-foundation-programme.html?ref=search_card,Health and Social Care and Management - Undergraduate Foundation Programme,Bachelor,"Birkbeck, University of London","4,562,605 NPR / full",London,United Kingdom,9 months
https://www.bachelorsportal.com/studies/320119/tourism-marketing-and-management.html?ref=search_card,Tourism Marketing and Management,Bachelor,University of Canterbury,"3,232,140 NPR / year",Christchurch,New Zealand,3 years
https://www.bachelorsportal.com/studies/284838/international-tourism-management-undergraduate-foundation-programme.html?ref=search_card,International Tourism Management - Undergraduate Foundation Programme,Bachelor,The University of Lancashire,"3,450,063 NPR / full",Preston,United Kingdom,9 months
https://www.bachelorsportal.com/studies/103358/philosophy.html?ref=search_card,Philosophy,Bachelor,University of Canterbury,"2,973,024 NPR / year",Christchurch,New Zealand,3 years
https://www.bachelorsportal.com/studies/421326/computing-undergraduate-foundation-programme.html?ref=search_card,Computing - Undergraduate Foundation Programme,Bachelor,The University of Lancashire,"3,858,390 NPR / full",Preston,United Kingdom,9 months
https://www.bachelorsportal.com/studies/180766/interior-design.html?ref=search_card,Interior Design,Bachelor,Manipal Academy of Higher Education,"827,214 NPR / year",Dubai,United Arab Emirates,4 years
https://www.bachelorsportal.com/studies/491757/undergraduate-foundation-programme.html?ref=search_card,Undergraduate Foundation Programme,Bachelor,Royal College of Surgeons in Ireland,"3,365,427 NPR / full",Dublin,Ireland,9 months
https://www.bachelorsportal.com/studies/319998/environmental-science.html?ref=search_card,Environmental Science (Hons),Bachelor,University of Canterbury,"3,576,067 NPR / year",Christchurch,New Zealand,4 years
https://www.bachelorsportal.com/studies/427538/film-television-and-digital-production-undergraduate-foundation-programme.html?ref=search_card,"Film, Television and Digital Production - Undergraduate Foundation Programme",Bachelor,Royal Holloway University of London,"4,426,496 NPR / full",London,United Kingdom,9 months
https://www.bachelorsportal.com/studies/133806/music-production.html?ref=search_card,Music Production,Bachelor,Full Sail University,"12,818,086 NPR / full",Winter Park,United States,9 months
https://www.bachelorsportal.com/studies/21016/biomedical-sciences.html?ref=search_card,Biomedical Sciences,Bachelor,Brunel University of London,"4,891,042 NPR / year",London,United Kingdom,3 years
https://www.bachelorsportal.com/studies/425317/history-and-politics-undergraduate-foundation-programme.html?ref=search_card,History and Politics - Undergraduate Foundation Programme,Bachelor,"Goldsmiths, University of London","4,426,496 NPR / full",London,United Kingdom,9 months
https://www.bachelorsportal.com/studies/455161/biosecurity.html?ref=search_card,Biosecurity,Bachelor,University of Canterbury,"3,586,721 NPR / year",Christchurch,New Zealand,3 years
https://www.bachelorsportal.com/studies/48614/psychology.html?ref=search_card,Psychology (Hons),Bachelor,Bangor University,"3,550,666 NPR / year",Bangor,United Kingdom,3 years
https://www.bachelorsportal.com/studies/382140/commerce.html?ref=search_card,Commerce,Bachelor,University of Canterbury,"3,232,140 NPR / year",Christchurch,New Zealand,3 years
https://www.bachelorsportal.com/studies/70134/university-of-london-international-foundation-programme.html?ref=search_card,University of London International Foundation Programme,Bachelor,"Birkbeck, University of London","4,669,125 NPR / full",London,United Kingdom,9 months
https://www.bachelorsportal.com/studies/427550/politics-with-philosophy-undergraduate-foundation-programme.html?ref=search_card,Politics with Philosophy - Undergraduate Foundation Programme,Bachelor,Royal Holloway University of London,"4,426,496 NPR / full",London,United Kingdom,9 months
https://www.bachelorsportal.com/studies/96838/biomedical-sciences.html?ref=search_card,Biomedical Sciences (Hons),Bachelor,Toronto Metropolitan University,"3,942,933 NPR / year",Toronto,Canada,4 years
https://www.bachelorsportal.com/studies/497614/bachelor-of-science.html?ref=search_card,Bachelor of Science (Science),Bachelor,Curtin University,"4,557,472 NPR / year",Singapore,Singapore,3 years
https://www.bachelorsportal.com/studies/483099/arts-international-relations.html?ref=search_card,Arts - International Relations,Bachelor,The University of Sydney,"5,410,594 NPR / year",Sydney,Australia,3 years
https://www.bachelorsportal.com/studies/489772/undergraduate-foundation-programme.html?ref=search_card,Undergraduate Foundation Programme,Bachelor,"Goldsmiths, University of London","4,426,496 NPR / full",London,United Kingdom,9 months
https://www.bachelorsportal.com/studies/455294/professional-and-community-engagement.html?ref=search_card,Professional and Community Engagement,Bachelor,University of Canterbury,"2,973,024 NPR / year",Christchurch,New Zealand,3 years
https://www.bachelorsportal.com/studies/478211/postgraduate-diploma-in-international-hospitality-management.html?ref=search_card,Postgraduate Diploma in International Hospitality Management,Master,Asian Institute of Hospitality and Management (AIHM),"1,736,849 NPR / year",Bangkok,Thailand,1 year
https://www.bachelorsportal.com/studies/284956/children-schools-and-families-undergraduate-foundation-programme.html?ref=search_card,"Children, Schools and Families - Undergraduate Foundation Programme",Bachelor,The University of Lancashire,"3,450,063 NPR / full",Preston,United Kingdom,9 months
https://www.bachelorsportal.com/studies/463581/graphic-design-and-digital-media-marketing.html?ref=search_card,Graphic Design and Digital Media Marketing,Bachelor,Manipal Academy of Higher Education,"501,694 NPR / year",Manipal,India,3 years
https://www.bachelorsportal.com/studies/342740/business.html?ref=search_card,Business,Bachelor,Seneca Polytechnic,"1,845,783 NPR / year",Toronto,Canada,2 years
https://www.bachelorsportal.com/studies/427545/modern-and-contemporary-history-undergraduate-foundation-programme.html?ref=search_card,Modern and Contemporary History - Undergraduate Foundation Programme,Bachelor,Royal Holloway University of London,"4,426,496 NPR / full",London,United Kingdom,9 months
https://www.bachelorsportal.com/studies/102983/criminal-justice.html?ref=search_card,Criminal Justice,Bachelor,University of Canterbury,"3,229,583 NPR / year",Christchurch,New Zealand,3 years
https://www.bachelorsportal.com/studies/303332/civil-engineering-and-construction-management-undergraduate-foundation-programme.html?ref=search_card,Civil Engineering and Construction Management - Undergraduate Foundation Programme,Bachelor,The University of Lancashire,"3,858,390 NPR / full",Preston,United Kingdom,9 months
https://www.bachelorsportal.com/studies/490087/english-and-linguistics-undergraduate-foundation-programme.html?ref=search_card,English and Linguistics - Undergraduate Foundation Programme,Bachelor,"Birkbeck, University of London","4,562,605 NPR / full",London,United Kingdom,9 months
https://www.bachelorsportal.com/studies/292220/digital-communications-and-pr.html?ref=search_card,Digital Communications and PR (Online),Bachelor,GBSB Global Business School,"1,333,438 NPR / year",Barcelona,Spain,3 years
https://www.bachelorsportal.com/studies/284973/forensic-psychology-undergraduate-foundation-programme.html?ref=search_card,Forensic Psychology - Undergraduate Foundation Programme,Bachelor,The University of Lancashire,"3,858,390 NPR / full",Preston,United Kingdom,9 months
https://www.bachelorsportal.com/studies/320107/society-and-policy.html?ref=search_card,Society and Policy,Bachelor,University of Canterbury,"3,735,031 NPR / year",Christchurch,New Zealand,3 years
https://www.bachelorsportal.com/studies/474394/medical-laboratory-technology.html?ref=search_card,Medical Laboratory Technology (Lateral),Bachelor,Manipal Academy of Higher Education,"317,918 NPR / year",Bangalore,India,3 years
https://www.bachelorsportal.com/studies/224873/philosophy-politics-and-society.html?ref=search_card,"Philosophy, Politics and Society",Bachelor,Radboud University,"2,373,176 NPR / year",Nijmegen,Netherlands,3 years
https://www.bachelorsportal.com/studies/103691/biochemistry.html?ref=search_card,Biochemistry,Bachelor,University of Canterbury,"3,671,957 NPR / year",Christchurch,New Zealand,3 years
https://www.bachelorsportal.com/studies/429026/management-with-accounting-international-year-one.html?ref=search_card,Management with Accounting (Year in Business) - International Year One,Bachelor,Royal Holloway University of London,"4,426,496 NPR / full",London,United Kingdom,9 months
https://www.bachelorsportal.com/studies/103801/physics.html?ref=search_card,Physics,Bachelor,University of Canterbury,"3,671,957 NPR / year",Christchurch,New Zealand,3 years
https://www.bachelorsportal.com/studies/452690/law-with-business-university-of-london-international-foundation-programme.html?ref=search_card,Law with Business - University of London International Foundation Programme,Bachelor,"Goldsmiths, University of London","4,669,125 NPR / full",London,United Kingdom,9 months
https://www.bachelorsportal.com/studies/482335/business-bachelor-in-cybersecurity.html?ref=search_card,Business Bachelor in Cybersecurity (Online),Bachelor,GBSB Global Business School,"1,531,304 NPR / year",Barcelona,Spain,3 years
https://www.bachelorsportal.com/studies/490081/data-science-and-computing-undergraduate-foundation-programme.html?ref=search_card,Data Science and Computing - Undergraduate Foundation Programme,Bachelor,"Birkbeck, University of London","4,562,605 NPR / full",London,United Kingdom,9 months
https://www.bachelorsportal.com/studies/284863/media-and-tv-production-undergraduate-foundation-programme.html?ref=search_card,Media and TV Production - Undergraduate Foundation Programme,Bachelor,The University of Lancashire,"3,450,063 NPR / full",Preston,United Kingdom,9 months
https://www.bachelorsportal.com/studies/474498/applied-science.html?ref=search_card,Applied Science (International Transfer Program in Engineering),Bachelor,Manipal Academy of Higher Education,"440,855 NPR / year",Manipal,India,4 years
https://www.bachelorsportal.com/studies/490099/liberal-arts-undergraduate-foundation-programme.html?ref=search_card,Liberal Arts - Undergraduate Foundation Programme,Bachelor,"Birkbeck, University of London","4,562,605 NPR / full",London,United Kingdom,9 months
https://www.bachelorsportal.com/studies/426974/management-with-marketing-undergraduate-foundation-programme.html?ref=search_card,Management with Marketing - Undergraduate Foundation Programme,Bachelor,Royal Holloway University of London,"4,426,496 NPR / full",London,United Kingdom,9 months
https://www.bachelorsportal.com/studies/460894/computer-science-and-engineering-cyber-security.html?ref=search_card,www.bachelorsportal.com,Bachelor,N/A,N/A,N/A,N/A,N/A
https://www.bachelorsportal.com/studies/455313/water-science-and-management.html?ref=search_card,www.bachelorsportal.com,Bachelor,N/A,N/A,N/A,N/A,N/A
https://www.bachelorsportal.com/studies/97172/industrial-engineering.html?ref=search_card,Industrial Engineering,Bachelor,Toronto Metropolitan University,"4,521,494 NPR / year",Toronto,Canada,4 years
https://www.bachelorsportal.com/studies/455166/composition.html?ref=search_card,Composition,Bachelor,University of Canterbury,"3,366,813 NPR / year",Christchurch,New Zealand,3 years
https://www.bachelorsportal.com/studies/320123/psychology.html?ref=search_card,Psychology,Bachelor,University of Canterbury,"3,521,942 NPR / year",Christchurch,New Zealand,3 years
https://www.bachelorsportal.com/studies/490093/global-politics-and-language-undergraduate-foundation-programme.html?ref=search_card,"Global Politics and Language (French, German, Italian, Japanese, Korean, Spanish) - Undergraduate Foundation Programme",Bachelor,"Birkbeck, University of London","4,562,605 NPR / full",London,United Kingdom,9 months
https://www.bachelorsportal.com/studies/474374/medical-imaging-technology.html?ref=search_card,Medical Imaging Technology (Lateral),Bachelor,Manipal Academy of Higher Education,"889,217 NPR / year",Bangalore,India,3 years
https://www.bachelorsportal.com/studies/103708/biological-sciences.html?ref=search_card,Biological Sciences,Bachelor,University of Canterbury,"3,671,957 NPR / year",Christchurch,New Zealand,3 years
https://www.bachelorsportal.com/studies/455159/biomedical-engineering.html?ref=search_card,Biomedical Engineering (Hons),Bachelor,University of Canterbury,"4,044,437 NPR / year",Christchurch,New Zealand,4 years
https://www.bachelorsportal.com/studies/463468/fashion-design-lateral-entry.html?ref=search_card,Fashion Design - Lateral Entry,Bachelor,Manipal Academy of Higher Education,"2,354,951 NPR / year",Manipal,India,3 years
https://www.bachelorsportal.com/studies/463643/computer-science-and-financial-technology.html?ref=search_card,Computer Science and Financial Technology,Bachelor,Manipal Academy of Higher Education,"1,959,975 NPR / year",Dubai,United Arab Emirates,4 years
https://www.bachelorsportal.com/studies/180754/health-information-management.html?ref=search_card,Health Information Management,Bachelor,Manipal Academy of Higher Education,"305,547 NPR / year",Manipal,India,4 years
https://www.bachelorsportal.com/studies/346499/business-administration-international-business.html?ref=search_card,Business Administration - International Business,Bachelor,The University of Maine,"1,229 USD/credit Based on the original amount of",Orono,United States,4 years
https://www.bachelorsportal.com/studies/430128/biological-sciences-undergraduate-foundation-programme.html?ref=search_card,Biological Sciences - Undergraduate Foundation Programme,Bachelor,Royal Veterinary College,"4,533,016 NPR / full",London,United Kingdom,9 months
https://www.bachelorsportal.com/studies/425307/curating-undergraduate-foundation-programme.html?ref=search_card,Curating - Undergraduate Foundation Programme,Bachelor,"Goldsmiths, University of London","4,426,496 NPR / full",London,United Kingdom,9 months
https://www.bachelorsportal.com/studies/103834/speech-and-language-pathology.html?ref=search_card,Speech and Language Pathology (Hons),Bachelor,University of Canterbury,"3,763,159 NPR / year",Christchurch,New Zealand,4 years
https://www.bachelorsportal.com/studies/491727/international-journalism-undergraduate-foundation-programme.html?ref=search_card,International Journalism - Undergraduate Foundation Programme,Bachelor,The University of Lancashire,"3,450,063 NPR / full",Preston,United Kingdom,9 months
https://www.bachelorsportal.com/studies/426987/computer-science-undergraduate-foundation-programme.html?ref=search_card,Computer Science (Information Security) - Undergraduate Foundation Programme,Bachelor,Royal Holloway University of London,"4,533,016 NPR / full",London,United Kingdom,9 months
https://www.bachelorsportal.com/studies/487983/electronic-engineering-with-industrial-experience-undergraduate-foundation-programme.html?ref=search_card,Electronic Engineering with Industrial Experience - Undergraduate Foundation Programme,Bachelor,Queen Mary University of London,"4,533,016 NPR / full",London,United Kingdom,9 months
https://www.bachelorsportal.com/studies/102853/chinese.html?ref=search_card,Chinese,Bachelor,University of Canterbury,"2,973,024 NPR / year",Christchurch,New Zealand,3 years
https://www.bachelorsportal.com/studies/303237/accounting-undergraduate-foundation-programme.html?ref=search_card,Accounting - Undergraduate Foundation Programme,Bachelor,"Birkbeck, University of London","4,562,605 NPR / full",London,United Kingdom,9 months
https://www.bachelorsportal.com/studies/463650/double-major.html?ref=search_card,"Double Major (Sociology, History, Economics, Political Science)",Bachelor,Manipal Academy of Higher Education,"827,214 NPR / year",Bangalore,India,4 years
https://www.bachelorsportal.com/studies/425309/drama-and-theatre-arts-undergraduate-foundation-programme.html?ref=search_card,Drama and Theatre Arts - Undergraduate Foundation Programme,Master,"Goldsmiths, University of London","4,426,496 NPR / full",London,United Kingdom,9 months
https://www.bachelorsportal.com/studies/137816/nursing.html?ref=search_card,Nursing,Bachelor,Trent University,"3,533,592 NPR / year",Peterborough,Canada,4 years
https://www.bachelorsportal.com/studies/427099/mathematics-with-statistics-undergraduate-foundation-programme.html?ref=search_card,Mathematics with Statistics - Undergraduate Foundation Programme,Bachelor,Royal Holloway University of London,"4,533,016 NPR / full",London,United Kingdom,9 months
https://www.bachelorsportal.com/studies/452473/actuarial-science-undergraduate-foundation-programme.html?ref=search_card,Actuarial Science - Undergraduate Foundation Programme,Bachelor,Queen Mary University of London,"4,426,496 NPR / full",London,United Kingdom,9 months
https://www.bachelorsportal.com/studies/452600/biochemistry-undergraduate-foundation-programme.html?ref=search_card,Biochemistry (with Year in Industry - Research) - Undergraduate Foundation Programme,Bachelor,Queen Mary University of London,"4,533,016 NPR / full",London,United Kingdom,9 months
https://www.bachelorsportal.com/studies/455287/pacific-studies.html?ref=search_card,Pacific Studies,Bachelor,University of Canterbury,"2,973,024 NPR / year",Christchurch,New Zealand,3 years
https://www.bachelorsportal.com/studies/320019/photography.html?ref=search_card,Photography,Bachelor,University of Canterbury,"3,446,508 NPR / year",Christchurch,New Zealand,4 years
